"SNO","group_name","label_name","label_value_in_english","label_value_in_entered_language"
"1","","message_email","The email field is required",""
"2","","message_email_invalid","The email must be a valid email address",""
"3","","message_password","The password field is required.",""
"4","","message_confirm_password","Password  and confirm password does not match.",""
"5","","message_user_not_found","Unable to find user",""
"6","","message_account_inactive","Your account is temparory inactive please contact to your admin",""
"7","","message_account_deactive","Your account is permanently deactivate please contact to your admin",""
"8","","message_unable_generate_token","Unable to generate token",""
"9","","message_wrong_password","Wrong Password",""
"10","","message_email_not_exists","This email id is not exists",""
"11","","message_password_reset_link","Password Reset link has been sent to your registered email id",""
"12","","message_token","The token field is required",""
"13","","message_email","The email field is required",""
"14","","message_email_invalid","The email must be a valid email address",""
"15","","message_password","The password field is required.",""
"16","","message_confirm_password","Password  and confirm password does not match.",""
"17","","message_success","Password reset successfully",""
"18","","message_old_password","The old password field is required",""
"19","","message_new_password","The  new password field is required",""
"20","","message_new_password_confirm","Password  and confirm password does not match",""
"21","","message_new_password_confirmation","The confirm password field is required.",""
"22","","message_id","User id is required",""
"23","","message_role_id","Please select user role",""
"24","","message_user_type_id","User type is required",""
"25","","message_company_type_id","Company type is required",""
"26","","message_category_id","Category is is required",""
"27","","message_name","Name is required",""
"28","","message_email","Email address is required",""
"29","","message_email_invalid","Email address is invalid",""
"30","","message_password","Password is required",""
"31","","message_password_min","Password should be 8 character long",""
"32","","message_contact_number","Contact number is required",""
"33","","message_create","User Added Successfully",""
"34","","message_update","User Updated Successfully",""
"35","","message_delete","User Deleted Successfully",""
"36","","message_id_not_found","Id Not Found",""
"37","","message_id","Id is required",""
"38","","message_name","Name is required",""
"39","","message_price","Price is required",""
"40","","message_validity_in_days","Validity in days field is required",""
"41","","message_number_of_patients","No of patients field is required",""
"42","","message_number_of_employees","No of employee field is required",""
"43","","message_discount_type","The discount type field is required",""
"44","","message_discount_value","The discount value field is required",""
"45","","message_create","Package Added Successfully",""
"46","","message_update","Package Updated Successfully",""
"47","","message_delete","Package Deleted Successfully",""
"48","","message_id_not_found","Id Not Found",""
"49","","message_package_assigne","Package Assigne successfully",""
"50","","message_id","Id is required",""
"51","","message_name","Name is required",""
"52","","message_activity_class_id.required","Activity classification is field is required",""
"53","","message_category_id.required","Category field is required",""
"54","","message_title.required","Title field is required",""
"55","","message_description.required","Description is required",""
"56","","message_activity_type.required","Activity type field is required",""
"57","","message_activity_type_in.required","Please select Activity type correct option",""
"58","","message_start_date.required","Start date field is required",""
"59","","message_start_time.required","Start time field is required",""
"60","","message_end_date.required","End date must be greather than start date",""
"61","","message_end_time.required","End time must be greather than start time",""
"62","","message_create","Added Successfully",""
"63","","message_update","Updated Successfully",""
"64","","message_delete","Deleted Successfully",""
"65","","message_approve","Approved Successfully",""
"66","","message_assigne","Assigned Successfully",""
"67","","message_id_not_found","Id Not Found",""
"68","","message_name_already_exists","This name Already Exist",""
"69","","message_activity_id","Activity id field is required",""
"70","","message_user_id","User id field is required",""
"71","","message_assignment_date","Assignment date field is required",""
"72","","message_assignment_day","Assignment day field is required",""
"73","","message_id","Id is required",""
"74","","message_name","Name is required",""
"75","","message_create","Added Successfully",""
"76","","message_update","Updated Successfully",""
"77","","message_delete","Deleted Successfully",""
"78","","message_id_not_found","Id Not Found",""
"79","","message_name_already_exists","This name Already Exist",""
"80","","message_module_assigne","Moduel Assigne successfully",""
"81","","message_id","Id is required",""
"82","","message_name","Name is required",""
"83","","message_create","Added Successfully",""
"84","","message_update","Updated Successfully",""
"85","","message_delete","Deleted Successfully",""
"86","","message_id_not_found","Id Not Found",""
"87","","message_name_already_exists","This name Already Exist",""
"88","","message_id","Id is required",""
"89","","message_name","Name is required",""
"90","","message_create","Added Successfully",""
"91","","message_update","Updated Successfully",""
"92","","message_delete","Deleted Successfully",""
"93","","message_id_not_found","Id Not Found",""
"94","","message_name_already_exists","This name Already Exist",""
"95","","message_id","Id is required",""
"96","","message_category_type_id","Category type Id is required",""
"97","","message_name","Name is required",""
"98","","message_create","Added Successfully",""
"99","","message_update","Updated Successfully",""
"100","","message_delete","Deleted Successfully",""
"101","","message_id_not_found","Id Not Found",""
"102","","message_parent_id_not_found","Parent id Not Found",""
"103","","message_name_already_exists","This name Already Exist",""
"104","","message_user_id","User Id is required",""
"105","","message_salary_per_month","Salary per month field is required",""
"106","","message_salary_package_start_date","Package Start date  is required",""
"107","","message_salary_package_end_date","Package End date is required",""
"108","","message_salary_package_end_date_after","Package end date must be grether then package start date",""
"109","","message_update","Salary Updated Successfully",""
"110","","message_id","Id is required",""
"111","","message_bank_name","Bank Name is required",""
"112","","message_account_number","Account Number is required",""
"113","","message_clearance_number","Clearance Number is required",""
"114","","message_create","Added Successfully",""
"115","","message_update","Updated Successfully",""
"116","","message_delete","Deleted Successfully",""
"117","","message_id_not_found","Id Not Found",""
"118","","message_name_already_exists","This name Already Exist",""
"119","","message_id","Id is required",""
"120","","message_name","Name is required",""
"121","","message_create","Added Successfully",""
"122","","message_update","Updated Successfully",""
"123","","message_delete","Deleted Successfully",""
"124","","message_id_not_found","Id Not Found",""
"125","","message_name_already_exists","This name Already Exist",""
"126","","message_id","Id is required",""
"127","","message_shift_name","Shift Name is required",""
"128","","message_shift_start_time","Shift start time is required",""
"129","","message_shift_end_time","Shift end time is required",""
"130","","message_shift_end_time_after","Shift End time must be greather than start time",""
"131","","message_create","Added Successfully",""
"132","","message_update","Updated Successfully",""
"133","","message_delete","Deleted Successfully",""
"134","","message_id_not_found","Id Not Found",""
"135","","message_name_already_exists","This name Already Exist",""
"136","","message_user_id","User id is required",""
"137","","message_shift_id","Shift id is required",""
"138","","message_shift_start_date","Shift start date is required",""
"139","","message_shift_end_date","Shift end date is required",""
"140","","message_shift_end_date_after","Shift End date must be greather than start date",""
"141","","message_shift_already_assigne","This shift is already assigne to this user",""
"142","","message_shift_already_assigne_date","shift is already assigne to this user on this date.",""
"143","","message_id","Id is required",""
"144","","message_user_id","User Id is required",""
"145","","message_category_id","Category id is required",""
"146","","message_subcategory_id","Subcategory id is required",""
"147","","message_what_happened","What happend field is required",""
"148","","message_how_it_happened","How is happend field is required",""
"149","","message_when_it_started","When it started field is required",""
"150","","message_what_to_do","What to do field required",""
"151","","message_goal","Goal field is required",""
"152","","message_sub_goal","Sub goal field required",""
"153","","message_plan_start_date","Plan start date is required",""
"154","","message_plan_start_time","Plan start time is required",""
"155","","message_remark","Remark field is required",""
"156","","message_create","Added Successfully",""
"157","","message_update","Updated Successfully",""
"158","","message_delete","Deleted Successfully",""
"159","","message_assigne","Ip Assigne successfully",""
"160","","message_approve","Ip Approve successfully",""
"161","","message_id_not_found","Id Not Found",""
"162","","message_ip_id","Ip id is required",""
"163","","message_patient_already_assigne","This Patient plan is already assigne to this employee.",""
"164","","message_id","Id is required",""
"165","","message_ip_id","Ip id  is required",""
"166","","message_title","Title field is required",""
"167","","message_description","Description field is required",""
"168","","message_follow_up_type","Follow up type is required",""
"169","","message_start_date","Start date field is required",""
"170","","message_start_time","Start time  field is required",""
"171","","message_create","Added Successfully",""
"172","","message_update","Updated Successfully",""
"173","","message_delete","Deleted Successfully",""
"174","","message_approve","Approved Successfully",""
"175","","message_id_not_found","Id Not Found",""
"176","","message_ip_not_found","Ip Not Found",""
"177","","message_approve","Approved Successfully",""
"178","","message_id_not_found","Id Not Found",""
"179","","message_id","Id is required",""
"180","","message_activity_id","Activity id field is required",""
"181","","message_category_id","Category id field is required",""
"182","","message_title","Title field is required",""
"183","","message_description","Description field is required",""
"184","","message_create","Added Successfully",""
"185","","message_update","Updated Successfully",""
"186","","message_delete","Deleted Successfully",""
"187","","message_id","Id is required",""
"188","","message_category_id","Category id field is required",""
"189","","message_sub_category_id","Subcategory field is required",""
"190","","message_description","Description field is required",""
"191","","message_date_time","date and time field is required",""
"192","","message_immediate_action","Immediate action field is required",""
"193","","message_create","Added Successfully",""
"194","","message_update","Updated Successfully",""
"195","","message_delete","Deleted Successfully",""
"196","","message_approve","Approved Successfully",""
"197","","message_id_not_found","Id Not Found",""
"198","","message_se_name","Se name field is required",""
"199","","message_permissions","Permissions id field is required",""
"200","","message_create","Added Successfully",""
"201","","message_update","Updated Successfully",""
"202","","message_delete","Deleted Successfully",""
"203","","message_id_not_found","Id Not Found",""
"204","","message_role_not_found","Role Not Found",""
"205","","message_name","Name field is required",""
"206","","message_name_unique","Name field must be unique",""
"207","","message_se_name","Se name field is required",""
"208","","message_se_name_unique","Se name field must be unique",""
"209","","message_group_name","Group name field is required",""
"210","","message_create","Added Successfully",""
"211","","message_update","Updated Successfully",""
"212","","message_delete","Deleted Successfully",""
"213","","message_id_not_found","Id Not Found",""
"214","","message_per_not_found","Permission Not Found",""
"215","","login-successful","Login Successful",""
"216","","categories-browse","Categories Browse",""
"217","","work-to","Work To",""
"218","","overall-goal","Overall Goal",""
"219","","witnessed_by","Witnessed By",""
"220","","abc","ABC",""
"221","","categories-read","Categories Read",""
"222","","persons-assign","Persons Assign",""
"223","","overall-goal-details","Write more details.",""
"224","","first-name","First Name",""
"225","","Home","Home",""
"226","","categories-add","Categories Add",""
"227","","role-id","Role",""
"228","","treatment","Treatment",""
"229","","last-name","Last Name",""
"230","","activity","Activity",""
"231","","categories-edit","Categories Edit",""
"232","","hours","Hours",""
"233","","working_method","Working Method",""
"234","","more-witness","More Witness",""
"235","","Examples","Examples",""
"236","","categories-delete","Categories Delete",""
"237","","person-type","Person Type",""
"238","","ip-file","Documents / Decisions",""
"239","","edit-history","Change Logs",""
"240","","my-activity","My Activity",""
"241","","licenses-browse","Licenses Browse",""
"242","","please-select-person-type","Please Select At Least One Person Type.",""
"243","","ip-file-details","Upload Documents",""
"244","","download","Download",""
"245","","filter","Filter",""
"246","","licenses-read","Licenses Read",""
"247","","personal-info","Personal Info",""
"248","","add-event","Add Event",""
"249","","sign-ip","Sign IP?",""
"250","","all-companies","All Companies",""
"251","","licenses-add","Licenses Add",""
"252","","enter-personal-info","Enter Personal Info, All fields are required.",""
"253","","goals","Goals",""
"254","","ip-sign-failed","IP Sign Failed",""
"255","","companies","Companies",""
"256","","licenses-edit","Licenses Edit",""
"257","","add-person-optional","You can add multiple persons. Click on the add person button to add a person",""
"258","","ip-for","Implementation Plan",""
"259","","ip-sign-successfully","IP Signed Successfully",""
"260","","categories","Categories",""
"261","","licenses-delete","Licenses Delete",""
"262","","person","Person",""
"263","","write-patient-goal","Write Patient's Goal",""
"264","","sign-failed","Sign Failed",""
"265","","manage-categories","Manage Categories",""
"266","","modules-browse","Modules Browse",""
"267","","added-persons","Added Persons",""
"268","","write-patient-sub-goal","Write Patient's Sub Goal",""
"269","","deviation-date","Deviation Date",""
"270","","manage-category-types","Manage Category Types",""
"271","","modules-read","Modules Read",""
"272","","edit-persons-info","Add more persons or edit. Click on next to continue.",""
"273","","please-enter-required-fields-denoted-with-start","Please enter required fields denoted with start/asterisk (*)",""
"274","","completed-date","Completed Date",""
"275","","create-new","Create New",""
"276","","modules-add","Modules Add",""
"277","","please-select-question","Please Select at least one question.",""
"278","","select-add-patient","Please select a patient or click on + button to create a new patient.",""
"279","","save-print","Save & Print",""
"280","","category-type","Category Types",""
"281","","modules-edit","Modules Edit",""
"282","","under-development","Under Development",""
"283","","write-goal-or-choose","Choose from suggested goals or write the user's own.",""
"284","","created-date","Created Date",""
"285","","enter-category-name","Enter Category Name",""
"286","","modules-delete","Modules Delete",""
"287","","personal-details","Personal Details",""
"288","","select-template-or-write-description","Write title of the implementation plan",""
"289","","incident-date","Incident Date",""
"290","","save","Save",""
"291","","packages-browse","Packages Browse",""
"292","","work-type","Work Type",""
"293","","enter-title","Enter Title",""
"294","","type","Type",""
"295","","no.-of-employees","No. of employees",""
"296","","packages-read","Packages Read",""
"297","","red-word","Red Words",""
"298","","living-an-independent-life","Living an independent life",""
"299","","active-this-journal","Active this journal",""
"300","","not-done","Not Done",""
"301","","packages-add","Packages Add",""
"302","","enter-paragraph","Enter Paragraph",""
"303","","not-specified","Not Specified",""
"304","","activity-calender","Activity Calender",""
"305","","process","Process",""
"306","","packages-edit","Packages Edit",""
"307","","paragraph","Paragraph",""
"308","","good-living-conditions","Good Living Conditions",""
"309","","with-deviation","With Deviation",""
"310","","no.-of-patients","No. of patients",""
"311","","packages-delete","Packages Delete",""
"312","","paragraphs","Paragraphs",""
"313","","full-participation","Full Participation",""
"314","","with-journal","With Journal",""
"315","","completed","Completed",""
"316","","userType-add","User Type Add",""
"317","","edit-paragraph","Edit Paragraph",""
"318","","living-like-others","Living Like Others",""
"319","","linked-activity","Linked Activity",""
"320","","data-fetch-failed","Data loading failed, Please check the internet connection or contact the administration.",""
"321","","userType-browse","User Type Browse",""
"322","","create-paragraph","Create Paragraph",""
"323","","bank-name","Bank Name",""
"324","","activity-stats","Activity Stats",""
"325","","data-save-failed","Date save failed, Please try again later",""
"326","","userType-edit","User Type Edit",""
"327","","enter-word","Enter Word",""
"328","","account-number","Account Number",""
"329","","activity-report","Activity Report",""
"330","","data-saved","Data Saved Successfully",""
"331","","userType-read","User Type Read",""
"332","","hours-allocation","Hours Allocation",""
"333","","clearance-number","Clearance Number",""
"334","","total-journal","Total Journal",""
"335","","no.-of-implementation","No. of implementation",""
"336","","userType-delete","User Type Delete",""
"337","","license-key","License Key",""
"338","","create-bankDetail","Create Bank Detail",""
"339","","stats","Stats",""
"340","","no.-of-follow up","No. of Follow up",""
"341","","companyType-browse","Company Type Browser",""
"342","","create-branch","Create Branch",""
"343","","edit-bankDetail","Edit Bank Detail",""
"344","","total-deviation","Total Deviation",""
"345","","no.-of-activity","No. of Activity",""
"346","","companyType-read","Company Type Read",""
"347","","question","Question",""
"348","","view-bankDetail","View Bank Detail",""
"349","","total_completed","Total Completed",""
"350","","no.-of-department","No. of Department",""
"351","","companyType-add","Company Type Add",""
"352","","answer","Answer",""
"353","","menu","Menu",""
"354","","total_signed","Total Signed",""
"355","","no.-of-branches","No. of Branches",""
"356","","companyType-edit","Company Type Edit",""
"357","","remarks","Remarks",""
"358","","tag-input","Tag Input",""
"359","","with_activity","With Activity",""
"360","","delete","Delete",""
"361","","companyType-delete","Company Type Delete",""
"362","","followups-history","Followups History",""
"363","","action","Action",""
"364","","without_activity","Without Activity",""
"365","","Dashboards","Dashboards",""
"366","","activate","Activate",""
"367","","settings-browse","Settings Browse",""
"368","","complete-followups","Complete Followups",""
"369","","This-option-will-create-Journal","This option will create Journal",""
"370","","import-patient","Import Patient",""
"371","","Analytics","Analytics",""
"372","","deactivate","Deactivate",""
"373","","settings-read","Settings Read",""
"374","","edit-followups","Edit Followups",""
"375","","This-option-will-create-Deviation-&-Journal","This option will create Deviation & Journal",""
"376","","do-you-want-to-active-this-journal","Do You Want To Active This Journal",""
"377","","Apps","Apps",""
"378","","status","Status",""
"379","","settings-add","Settings Add",""
"380","","create-followups","Create Followups",""
"381","","implementation-plan","Implementation  Plan",""
"382","","completed-on","Completed On",""
"383","","Ecommerce","E-commerce",""
"384","","active","Active",""
"385","","settings-edit","Settings Edit",""
"386","","edit-implementations","Update Implementations",""
"387","","completed-task","No. of Task completed",""
"388","","completed-by","Completed By",""
"389","","email","Email",""
"390","","inactive","Inactive",""
"391","","settings-delete","Settings Delete",""
"392","","activity-type","Activity Type",""
"393","","no-of-task","No. of Task",""
"394","","approve","Approve",""
"395","","logs","Logs",""
"396","","Masters","Masters",""
"397","","employees-browse","Employee Browse",""
"398","","add-reminder","Add Reminders",""
"399","","ip-completed","No. of IP completed",""
"400","","click-yes-to-approve-ip","Click Yes To Approve IP",""
"401","","Chat","Chat",""
"402","","licenses","Licenses",""
"403","","employees-read","Employee Read",""
"404","","add-emergency-reminder","Add Emergency Reminders",""
"405","","saved","Saved",""
"406","","not-completed","Not Completed",""
"407","","inactive-this-journal","Inactive this journal",""
"408","","modules","Modules",""
"409","","employees-add","Employee Add",""
"410","","add-reminder-details","Add reminder details to get notifications.",""
"411","","completed-by-staff-not-on-time","Completed by staff not on time",""
"412","","completed-date-&-completed-by","Completed Date & Completed By",""
"413","","sign-this-journal","Sign This Journal",""
"414","","roles","Roles",""
"415","","employees-edit","Employee Edit",""
"416","","add-reminder-to-emergency","Add reminder to emergency numbers.",""
"417","","completed-by-staff-on-time","Completed by staff on time",""
"418","","complete-this-deviation     ","Do you want to Sign it.",""
"419","","edited-at","Edited At",""
"420","","packages","Packages",""
"421","","employees-delete","Employee Delete",""
"422","","before-start","Before Start",""
"423","","pending-task","No. of Task pending",""
"424","","dataset-total-activity","Total Activity",""
"425","","sign-at","Sign At",""
"426","","are-you-sure","Are You Sure",""
"427","","patients-browse","Patients Browse",""
"428","","after-end","After End",""
"429","","ip-pending","No. of IP pending",""
"430","","dataset-total-completed-by-patient-itself","Completed By Patient Itself",""
"431","","personal-no","Personal no",""
"432","","delete-this","Delete {{name}}?",""
"433","","patients-read","Patients Read",""
"434","","on-start","On Start",""
"435","","no.-of-ip","No. of IP",""
"436","","dataset-total-completed-by-staff-not-0n-time","Completed By Staff Not On TIme",""
"437","","sign-by","Sign By",""
"438","","you-wont-be-able-to-revert-this","You won't be able to revert this!",""
"439","","patients-add","Patients Add",""
"440","","time","Time",""
"441","","no.-of-activity-completed","No. of activity completed",""
"442","","dataset-total-completed-by-staff-on-time","Completed By Staff On Time",""
"443","","not-signed","Not Signed",""
"444","","deleted","Deleted!",""
"445","","patients-edit","Patients Edit",""
"446","","time-in-minute","Time in minutes",""
"447","","no.-of-activity-pending","No. of activity pending",""
"448","","dataset-total-compulsory","Compulsory",""
"449","","total-active","Total active",""
"450","","item-deleted","Delete Successful",""
"451","","patients-delete","Patients Delete",""
"452","","enable","Enable",""
"453","","create-followup","Create Followup",""
"454","","dataset-total-not-done-by-employee","Not Done By Employee",""
"455","","total-secret","Total secret",""
"456","","yes","Yes",""
"457","","nurses-browse","Nurses Browse",""
"458","","time-limit-reminder","Please enter a valid time in minutes from 1 to 240",""
"459","","create-activity","Create Activity",""
"460","","dataset-total-patient-did-not-want","Patient Did Not Want",""
"461","","click-to-sign","Click to sign",""
"462","","change-status","Change Status",""
"463","","nurses-read","Nurses Read",""
"464","","you-will-be-reminded-immediately","You will be reminded immediately",""
"465","","create-task","Create Task",""
"466","","deviation-completed","Deviation is Signed",""
"467","","edit-action/result","Edit Action/Result",""
"468","","data-edited","Data Updated Successfully",""
"469","","nurses-add","Nurses Add",""
"470","","you-will-be-reminded-in","You will be reminded in",""
"471","","already-saved","This {{item}} is already saved.",""
"472","","completed-failed","Failed to complete this action",""
"473","","total-signed","Total signed",""
"474","","unable-to-create","Unable to create, Please retry.",""
"475","","nurses-edit","Nurses Edit",""
"476","","you-will-be-reminded-before","You will be reminded before",""
"477","","decision-document","Decisions & Documents",""
"478","","completed-at","Completed At",""
"479","","with-activity","With activity",""
"480","","unable-to-update","Unable to update, Please retry.",""
"481","","nurses-delete","Nurses Delete",""
"482","","you-will-be-reminded-after","You will be reminded after",""
"483","","seasonal-or-regular","Seasonal or Regular?",""
"484","","&-completed-by","& Completed By",""
"485","","without-activity","Without activity",""
"486","","refresh-data","Refresh Data",""
"487","","departments-browse","Departments Browse",""
"488","","you-will-be-reminded-emergency","You will be reminded in emergency after",""
"489","","date-&-time","Date/Time & Repeater",""
"490","","with_or_without_activity","With Activity",""
"491","","no-activity-found","no activity found",""
"492","","close","Close",""
"493","","departments-read","Departments Read",""
"494","","remind-on-emergency","To Emergency Number.",""
"495","","date-time-repeat-details","Add Date/Time & Repeater",""
"496","","action-stats","Action Stats",""
"497","","result","Result",""
"498","","done","Done",""
"499","","departments-add","Departments Add",""
"500","","on-device","Send as Notification",""
"501","","add-date-&-time","Add Date and Time",""
"502","","patient-stats","Patient Stats",""
"503","","Todo","Todo",""
"504","","create-new-category","Create New Category",""
"505","","departments-edit","Departments Edit",""
"506","","on-text","Send as Text Message",""
"507","","ip-patient","IP & Patient",""
"508","","read-all-notifications","Read All Notifications",""
"509","","activity-note","Activity note",""
"510","","parent-category","Parent Category",""
"511","","departments-delete","Departments Delete",""
"512","","remind-on-device","Remind as Notification",""
"513","","select-ip-patient","Select IP and Patient",""
"514","","ip-with","IP With",""
"515","","please-select-patient","Please select patient",""
"516","","category-color","Category Color",""
"517","","activitySelf-browse","Activity Self Browse",""
"518","","remind-on-text","Remind as Text Message",""
"519","","cat-sbcat","Patient & Category",""
"520","","not-approve","Not Approved",""
"521","","sign","Sign",""
"522","","please-select-valid-color","Please select a valid color",""
"523","","activitySelf-read","Activity Self Read",""
"524","","add-urls","Add URLs",""
"525","","select-cat-subcat","Select Category and SubCategory",""
"526","","no-more-data","No More Data",""
"527","","action/result","Action/Result",""
"528","","edit-category","Update Category",""
"529","","activitySelf-add","Activity Self Add",""
"530","","add-urls-details","You can add URLs",""
"531","","emp-branch","Employee & Branch",""
"532","","no-document","No document available",""
"533","","calendar","Calendar",""
"534","","not-authorized","You are not authorized!",""
"535","","activitySelf-edit","Activity Self Edit",""
"536","","video-link","Video URL",""
"537","","select-emp-branch","Select Employee and Branch",""
"538","","latest-entry","Latest Entry",""
"539","","Shop","Shop",""
"540","","no-permission-message","Ops!!, Look likes you don't have permissions to access this page.",""
"541","","activitySelf-delete","Activity Self Delete",""
"542","","address-link","Address Link",""
"543","","title-disc","Title, Description & Others",""
"544","","task-complete","Complete Task",""
"545","","created-by","Created By",""
"546","","enter-name","Enter Name",""
"547","","activityPatients-browse","Activity Patients Browse",""
"548","","information-link","Information Link",""
"549","","fill-title-disc","Fill Title, Description and others",""
"550","","mark-all-read","Mark All as Read",""
"551","","Wish List","Wish List",""
"552","","company-types","Company Types",""
"553","","activityPatients-read","Activity Patients Read",""
"554","","comment","Comment",""
"555","","how-many-days","How many times per day?",""
"556","","journal-stats","Journal Stats",""
"557","","details","Details",""
"558","","manage-types","Manage Types",""
"559","","activityPatients-add","Activity Patients Add",""
"560","","not-applicable","Not Applicable",""
"561","","activity-time","Activity Time",""
"562","","goal-sub-goal-stats","Goal/SubGoal Report",""
"563","","Checkout","Checkout",""
"564","","manage-packages","Manage Packages",""
"565","","activityPatients-edit","Activity Patients Edit",""
"566","","tag","Tag",""
"567","","enter-time","Enter start and end time",""
"568","","dataset-total-goal","Total Goal",""
"569","","User","User",""
"570","","edit-package","Edit Package",""
"571","","activityPatients-delete","Activity Patients Delete",""
"572","","repeat","Repeat",""
"573","","calendar-timeline","Calendar & Timeline",""
"574","","dataset-total-sub-goal","Total SubGoal",""
"575","","List","List",""
"576","","create-new-package","Create New Package",""
"577","","activityEmployees-browse","Activity Employee Browse",""
"578","","share","Share",""
"579","","patient-did-not-want","Patient did not want",""
"580","","assigned-employee","Assigned Employee",""
"581","","secret-journal","Secret Journal",""
"582","","activity-classification","Activities Classification",""
"583","","activityEmployees-read","Activity Employee Read",""
"584","","task-edit","Task Edit",""
"585","","not-done-by-employee","Not done by employee",""
"586","","marked-complete-by","Marked Completed By",""
"587","","view","View",""
"588","","activities","Manage Activities",""
"589","","activityEmployees-add","Activity Employee Add",""
"590","","add-task","Add Task",""
"591","","completed-by-patient-itself","Completed by patient itself",""
"592","","marked-incomplete-by","Marked Not Done By",""
"593","","edit","Edit",""
"594","","failed","Failed!",""
"595","","activityEmployees-edit","Activity Employee Edit",""
"596","","upcoming","Upcoming",""
"597","","completed-by-staff","Completed by staff",""
"598","","marked-not-applicable-by","Marked Not Applicable By",""
"599","","Starter Kit","Starter Kit",""
"600","","item-deleted-failed","Delete Failed, Please type after some time.",""
"601","","activityEmployees-delete","Activity Employee Delete",""
"602","","pending","Pending",""
"603","","fake-email","Create Fake Email",""
"604","","total-completed","Total Completed",""
"605","","1 Column","1 Column",""
"606","","password-changed","Password Changed Successfully",""
"607","","journalSelf-browse","Journal Self Browse",""
"608","","tasks","Tasks",""
"609","","request-subcategory-edit","Request Edit",""
"610","","today","Today",""
"611","","2 Columns","2 Columns",""
"612","","module","Module Master",""
"613","","journalSelf-read","Journal Self Read",""
"614","","tasks-create","Create Task",""
"615","","request-edit","Request Text",""
"616","","task-for","Task For",""
"617","","Fixed Navbar","Fixed Navbar",""
"618","","user-types","User Type List",""
"619","","journalSelf-add","Journal Self Add",""
"620","","update-task","Update Task",""
"621","","add-task-details","You can add your task details here.",""
"622","","Please-download-this-Excel-file-and-fill-all-the-details-accordingly.-After-that-you-can-upload-the-file-to-import-your-items.","Please download this Excel file and fill all the details accordingly. After that you can upload the file to import your items.",""
"623","","Floating Navbar","Floating Navbar",""
"624","","usertypes","All types users",""
"625","","journalSelf-edit","Journal Self Edit",""
"626","","add-subtask","Add Subtask",""
"627","","risky-and-must","Risky And Must",""
"628","","download-sample-file","Download Sample File",""
"629","","Fixed Layout","Fixed Layout",""
"630","","manage-licenses","Manage All Licenses",""
"631","","journalSelf-delete","Journal Self Delete",""
"632","","subtask-create","Subtask Create",""
"633","","create-custom-unique-id","Generate",""
"634","","send-request","Send Request",""
"635","","Static Layout","Static Layout",""
"636","","request","Request",""
"637","","journalEmployees-browse","Journal Employee Browse",""
"638","","activity-task","Activity Task",""
"639","","persons-approval","Person's Approval",""
"640","","no-notifications","No Notification",""
"641","","Dark Layout","Dark Layout",""
"642","","title","Title",""
"643","","journalEmployees-read","Journal Employee read",""
"644","","subtask","Subtask",""
"645","","by-mobile-bank","Via Mobile Bank",""
"646","","view-all-notifications","View All Notifications",""
"647","","Light Layout","Light Layout",""
"648","","description","Description",""
"649","","journalEmployees-add","Journal Employee add",""
"650","","task","Task",""
"651","","by-digital-signature","Via Digital Signature",""
"652","","edit-journal","Edit Journal",""
"653","","UI Elements","UI Elements",""
"654","","message","Message",""
"655","","journalEmployees-edit","Journal Employee edit",""
"656","","add-attachment","Add Attachment",""
"657","","by-manual","Manually",""
"658","","branch-suggeston","Branch Suggestion",""
"659","","Content","Content",""
"660","","password","Password",""
"661","","journalEmployees-delete","Journal Employee delete",""
"662","","add-attachment-details","Add attachments",""
"663","","mobile-bank","Mobile Bank",""
"664","","adminEmployee","Admin Employee",""
"665","","Grid","Grid",""
"666","","please_sign_in","Please sign-in to your account and start the adventure",""
"667","","journalPatients-add","Journal Patients Add",""
"668","","select-file","Select File",""
"669","","digital-signature","Digital Signature",""
"670","","ip-not-assigned","No IP Assigned",""
"671","","Typography","Typography",""
"672","","forgot-password","Forgot Password?",""
"673","","journalPatients-browse","Journal Patients Browse",""
"674","","invalid-file-selected","Invalid File Selected",""
"675","","manual","Manual",""
"676","","deviation-stats","Deviation Stats",""
"677","","Text Utilities","Text Utilities",""
"678","","remember-me","Remember Me",""
"679","","journalPatients-read","Journal Patients Read",""
"680","","upload","Upload",""
"681","","task-time","Task Time",""
"682","","no-deviation","No deviation is available here",""
"683","","Syntax Highlighter","Syntax Highlighter",""
"684","","sign-in","Sign In",""
"685","","journalPatients-edit","Journal Patients Edit",""
"686","","drop-files-here-or-click","Drop files here or click",""
"687","","date-time","Date & Time",""
"688","","patient-date","Patient & Date",""
"689","","Icons","Icons",""
"690","","send-reset-link","Send Reset Link",""
"691","","journalPatients-delete","Journal Patients Delete",""
"692","","browse","Browse",""
"693","","add-date-time","Add Date & time",""
"694","","click-to-preview","Click to preview image.",""
"695","","Feather","Feather",""
"696","","forgot-password-message","Enter your email and we'll send you instructions to reset your password",""
"697","","deviationSelf-browse","Deviation Self Browse",""
"698","","through-your-machine","thorough your machine",""
"699","","attachments","Attachments",""
"700","","edited-date","Edited Date",""
"701","","Card","Card",""
"702","","back-to-login","Back to Login",""
"703","","deviationSelf-read","Deviation Self Read",""
"704","","max-upload-limit-reached","Max upload limit reached.",""
"705","","attachments-details","Add Attachments Details",""
"706","","edited-by","Edited By",""
"707","","upload-document","Upload Document",""
"708","","reset-password","Reset Password",""
"709","","deviationSelf-add","Deviation Self Add",""
"710","","max-upload-size","Max {{size}}",""
"711","","send","Send",""
"712","","please-wait-setting-company","Please Wait. We are setting database for company. It can take up to 2 min.",""
"713","","Basic","Basic",""
"714","","reset-password-message","Your new password must be different from previously used passwords",""
"715","","deviationSelf-edit","Deviation Self Edit",""
"716","","remove-all","Remove All",""
"717","","personal-number","Personal Number",""
"718","","event-description","Event Description",""
"719","","special-information","Special Information",""
"720","","confirm-password","Confirm Password",""
"721","","deviationSelf-delete","Deviation Self Delete",""
"722","","cancel","Cancel",""
"723","","persons-implementation","Patient IP",""
"724","","immediate-action","Immediate Action",""
"725","","Advance","Advance",""
"726","","role","Role",""
"727","","deviationPatients-browse","Deviation Patients Browse",""
"728","","file-uploaded","File Uploaded Successfully",""
"729","","request-for-approval","Request For Approval",""
"730","","probable-cause-of-the-incident","Probable Cause Of The Incident",""
"731","","statistics","Statistics",""
"732","","contact","Contact",""
"733","","deviationPatients-read","Deviation Patients Read",""
"734","","file-upload-failed","File Upload Failed",""
"735","","manual-approval","Manual Approval",""
"736","","today-journal","Today's Journal",""
"737","","actions","Actions",""
"738","","enter-price","Enter Price",""
"739","","deviationPatients-add","Deviation Patients Add",""
"740","","is-gaurdian","Guardian",""
"741","","request-sent","Request Sent",""
"742","","today-deviation","Today's Deviations",""
"743","","Table","Table",""
"744","","price","Price",""
"745","","deviationPatients-edit","Deviation Patients Edit",""
"746","","users","Users",""
"747","","bank-id","Bank Details",""
"748","","no-action-performed","No Action Performed",""
"749","","Reactstrap Tables","Reactstrap Tables",""
"750","","package_id","Package",""
"751","","deviationPatients-delete","Deviation Patients Delete",""
"752","","attached-fallowups","Attached Followups",""
"753","","assign-by","Assign By",""
"754","","no-activity-today","No Activities For Today!",""
"755","","React Tables","React Tables",""
"756","","personal_number","Personal Number",""
"757","","deviationEmployees-browse","Deviation Employee Browse",""
"758","","view-fallowups","View Followups",""
"759","","detail-mode","View More",""
"760","","showing-upcoming-activities","Showing Upcoming Activities",""
"761","","DataTable","DataTable",""
"762","","organization_number","Organization Number",""
"763","","deviationEmployees-read","Deviation Employee Read",""
"764","","repeat-reminder","Reminders",""
"765","","user-type","User Type",""
"766","","overall-chart","Overall Chart",""
"767","","Advanced","Advanced",""
"768","","country_id","Country",""
"769","","deviationEmployees-add","Deviation Employee Add",""
"770","","repeat-reminder-details","Add Reminders",""
"771","","company-type","Company Type",""
"772","","dashboard-menu","Dashboard",""
"773","","create-journal","Create Journal",""
"774","","zipcode","Zipcode",""
"775","","deviationEmployees-edit","Deviation Employee Edit",""
"776","","url-attachments","Url & Attachments",""
"777","","iP","IP",""
"778","","activity-menu","Activities",""
"779","","Mail Template","Mail Template",""
"780","","full-address","Full Address",""
"781","","deviationEmployees-delete","Deviation Employee Delete",""
"782","","url-attachments-details","Add URLs & Attachments",""
"783","","agency-details","Agency Details",""
"784","","journal-menu","Journals",""
"785","","Page Layouts","Page Layouts",""
"786","","postal-code","Postal Area",""
"787","","scheduleSelf-browse","Schedule Self Browse",""
"788","","clear","Clear",""
"789","","r-description","R Description",""
"790","","deviation-menu","Deviations",""
"791","","Collapsed Menu","Collapsed Menu",""
"792","","address-details","Street Name",""
"793","","scheduleSelf-read","Schedule Self Read",""
"794","","repeat-activity","Repeat Activity",""
"795","","r","R",""
"796","","user-management-menu","User Management",""
"797","","Layout Boxed","Layout Boxed",""
"798","","gender","Gender",""
"799","","scheduleSelf-add","Schedule Self Add",""
"800","","do-you-want-to-repeat-this-activity","Do you want to repeat this activity?",""
"801","","priority","Priority",""
"802","","master-menu","Masters",""
"803","","Without Menu","Without Menu",""
"804","","male","Male",""
"805","","scheduleSelf-edit","Schedule Self Edit",""
"806","","assign-activity","Assign Activity",""
"807","","request-ip","Request IP",""
"808","","setting-menu","Settings",""
"809","","Layout Empty","Layout Empty",""
"810","","female","Female",""
"811","","scheduleSelf-delete","Schedule Self Delete",""
"812","","mark-as-not-applicable","Mark Not Applicable",""
"813","","do-you-want-to-approve-this","Do You Want To Approve This",""
"814","","report-feedback-menu","Reports & Feedbacks",""
"815","","Layout Blank","Layout Blank",""
"816","","licence_end_date","License End Date",""
"817","","scheduleEmployees-browse","Schedule Employee Browse",""
"818","","mark-as-complete","Mark As Complete",""
"819","","approve-this","Approve",""
"820","","message-menu","Notifications & Chats",""
"821","","Components","Components",""
"822","","joining_date","Joining Date",""
"823","","scheduleEmployees-read","Schedule Employee Read",""
"824","","mark-as-completed","Mark As Complete",""
"825","","approved","Approved",""
"826","","bookmarks","Bookmarks",""
"827","","Alerts","Alerts",""
"828","","substitute","Substitute",""
"829","","scheduleEmployees-add","Schedule Employee Add",""
"830","","add-new","Add New",""
"831","","not-approved","Not Approve",""
"832","","employee-dashboard","Employee Dashboard",""
"833","","edit/strike","Edit/Strike",""
"834","","regular","Regular",""
"835","","scheduleEmployees-edit","Schedule Employee Edit",""
"836","","add-address","Add Address",""
"837","","reason","Reason",""
"838","","bankId","BankId Charges",""
"839","","change-event-date","Change event date",""
"840","","seasonal","Seasonal",""
"841","","scheduleEmployees-delete","Schedule Employee Delete",""
"842","","add-address-details","Add Address Details",""
"843","","requested-to","Requested To",""
"844","","choose-color","Choose Color",""
"845","","Buttons","Buttons",""
"846","","is_file_required","File Required",""
"847","","schedulePatients-browse","Schedule Patient Browse",""
"848","","patient","Patient",""
"849","","approve-type","Approve Type",""
"850","","another-activity","Another Activity",""
"851","","Breadcrumbs","Breadcrumbs",""
"852","","licence_key","License Key",""
"853","","schedulePatients-read","Schedule Patient Read",""
"854","","employee","Employee",""
"855","","by-bank-id","By Bank Id",""
"856","","another-activity-contact-person","Another Activity Contact Person",""
"857","","Carousel","Carousel",""
"858","","user_color","User Color",""
"859","","schedulePatients-add","Schedule Patient Add",""
"860","","add-details","Add Details",""
"861","","digital","Digital",""
"862","","add-more-decision","Add More Decision",""
"863","","Collapse","Collapse",""
"864","","manage-roles","Manage Roles & Permissions",""
"865","","schedulePatients-edit","Schedule Patient Edit",""
"866","","new-date","New Date",""
"867","","manual-or-bank-id","Manual Or Bank Id",""
"868","","decision-date","Decision Date",""
"869","","Dropdowns","Dropdown",""
"870","","request-log","Request Log",""
"871","","schedulePatients-delete","Schedule Patient Delete",""
"872","","followup-date-time","Follow Up Date & Time",""
"873","","print","Print",""
"874","","total-branch","Total Branch",""
"875","","List Group","List Group",""
"876","","requests","Requests",""
"877","","patientFamily-browse","Patient Family Browse",""
"878","","remove","Remove",""
"879","","ip-name","IP Name",""
"880","","registration-details","Registration Details",""
"881","","Modals","Modals",""
"882","","notifications","Notification",""
"883","","patientFamily-read","Patient Family Read",""
"884","","alloted_hours","Alloted Hours",""
"885","","followups-details","FollowUp Details",""
"886","","registration-date","Registration Date",""
"887","","Pagination","Pagination",""
"888","","manage-module","Manage Module",""
"889","","patientFamily-add","Patient Family Add",""
"890","","agency","Agency",""
"891","","reason-for-edit","Reason for Edit",""
"892","","is-risk","Risky",""
"893","","Navs Component","Nav Component",""
"894","","contact_number","Phone",""
"895","","patientFamily-edit","Patient Family Edit",""
"896","","internal-comment","Internal Comment",""
"897","","document","Document",""
"898","","file-filter","File Filter",""
"899","","Navbar","Navbar",""
"900","","please-enter-valid-email","Please enter a valid email address",""
"901","","patientFamily-delete","Patient Family Delete",""
"902","","external-comment","External Comment",""
"903","","comments-and-replies","Comments and Replies",""
"904","","module-inactive-text","Please contact Admin to enable this module.",""
"905","","Tabs Component","Tabs Component",""
"906","","valid-password","Password must be 6 to 16 character, Please add at least one Capital letter, one Special character and one number",""
"907","","patientContactPersion-browse","Patient Contact Person Browse",""
"908","","other","Other",""
"909","","tap-to-reply","Tap to Reply",""
"910","","followup-details","Followup Details",""
"911","","Pills Component","Pills Component",""
"912","","call-company","Click here to call the company",""
"913","","patientContactPersion-read","Patient Contact Person Read",""
"914","","date-of-birth","Date of Birth",""
"915","","assignment_date","Assignment Date",""
"916","","urlmsg","URL Format Is Not Correct",""
"917","","Tooltips","Tooltips",""
"918","","send-email","Click here to send email",""
"919","","patientContactPersion-add","Patient Contact Person Add",""
"920","","add-person","Add Person",""
"921","","assignment_day","Assignment Day",""
"922","","action-date","Action Date",""
"923","","Popovers","Popovers",""
"924","","joining-date","Joining Date",""
"925","","patientContactPersion-edit","Patient Contact Person Edit",""
"926","","custom-unique-id","Unique ID",""
"927","","assign-by-user","Assign by User",""
"928","","data-is-not-available","Data Is Not Available",""
"929","","Badges","Badges",""
"930","","gov-id","Government Id",""
"931","","patientContactPersion-delete","Patient Contact Person Delete",""
"932","","hidden-patient","Secret Patient",""
"933","","activity-information","Activity Information",""
"934","","branch-id","Branch Id",""
"935","","Pill Badges","Pill Badges",""
"936","","country","Country",""
"937","","branch-browse","Branch Browse",""
"938","","save-create-ip","Save & Create IP",""
"939","","patient-information","Information",""
"940","","habitats","Livsområden",""
"941","","Progress","Progress",""
"942","","currency","Currency",""
"943","","branch-read","Branch Read",""
"944","","category","Category",""
"945","","classes-timing","Class Timing",""
"946","","choose-patient","Choose Patient",""
"947","","Media Objects","Media Objects",""
"948","","dial_code","Dial Code",""
"949","","branch-add","Branch Add",""
"950","","num-assgin-act-count","Activity",""
"951","","from","From",""
"952","","or","Or",""
"953","","Spinner","Spinner",""
"954","","currency_code","Currency Code",""
"955","","branch-edit","Branch Edit",""
"956","","assign-ip-count","IP",""
"957","","to","To",""
"958","","back","Back",""
"959","","Toasts","Toasts",""
"960","","currency_symbol","Currency Symbol",""
"961","","branch-delete","Branch Delete",""
"962","","assign-task-count","Task",""
"963","","unique-id","Unique Id",""
"964","","can-not-add-multiple-ip-message","Can Not Add Multiple Ip Message",""
"965","","timeline","Timeline",""
"966","","country-list","Country List",""
"967","","ipSelf-browse","Implementations Self Browse",""
"968","","is-sms-enable","Is SMS Enable",""
"969","","about","About",""
"970","","visible-creating-IP-msg","Only persons those were present at the time of creating Implementation Plan will be visible below",""
"971","","Extra Components","Extra Components",""
"972","","salary","Salary",""
"973","","ipSelf-read","Implementations Self Read",""
"974","","sms-tooltip","Please enter a valid number",""
"975","","agencies","Agencies",""
"976","","save-and-skip","Save & Skip",""
"977","","Avatar","Avatar",""
"978","","validity_in_days","Validity in days",""
"979","","ipSelf-add","Implementations Self Add",""
"980","","bankid_charges","BankID Charges",""
"981","","update","Update",""
"982","","ok","OK",""
"983","","Chips","Chips",""
"984","","number_of_patients","No of Patients",""
"985","","ipSelf-edit","Implementations Self Edit",""
"986","","task-filter","Tasks Filter",""
"987","","company","Company",""
"988","","patientAndhabitatsDetails","Patient And Livsområden Details",""
"989","","Divider","Divider",""
"990","","number_of_employees","No of employees",""
"991","","ipSelf-delete","Implementations Self Delete",""
"992","","is-enable-bankid","Is Enable BankID",""
"993","","institute","Institute",""
"994","","selected-sub-goal","Selected Sub Goal",""
"995","","Wizard","Wizard",""
"996","","entry_mode","Mode",""
"997","","ipPatients-browse","Implementation Patient Browse",""
"998","","bankid-charges","BankID Charges",""
"999","","timing","Timing",""
"1000","","new-question","New Question",""
"1001","","Forms & Tables","Forms & Tables",""
"1002","","is_on_offer","Apply Offer?",""
"1003","","ipPatients-Read","Implementation Patient Read",""
"1004","","sms-charges","SMS Charges",""
"1005","","years-old","Years Old",""
"1006","","question-required","Question Required",""
"1007","","Form Elements","Form Elements",""
"1008","","discount_type","Discount",""
"1009","","ipPatients-add","Implementation Patient Add",""
"1010","","package-filter","Packages Filter",""
"1011","","year-old","Year Old",""
"1012","","select-questions","Select Questions",""
"1013","","select","Select",""
"1014","","discount_value","Discount Value",""
"1015","","ipPatients-edit","Implementation Patient Edit",""
"1016","","company-filter","Company Filter",""
"1017","","months-old","Months Old",""
"1018","","followup-for","Follow up for",""
"1019","","Switch","Switch",""
"1020","","session-expired","Your session is expired, Please login to continue..",""
"1021","","ipPatients-delete","Implementation Patient Delete",""
"1022","","phone-number","Phone Number",""
"1023","","month-old","Month Old",""
"1024","","add-more-follow-up-dates","Add more follow up dates",""
"1025","","Checkbox","Checkbox",""
"1026","","login","Login",""
"1027","","ipEmployees-browse","Implementation Employee Browse",""
"1028","","mail-subject","Mail Subject",""
"1029","","days-old","Days Old",""
"1030","","journal-filter","Journal Filter",""
"1031","","Radio","Radio",""
"1032","","feedback","Feedback",""
"1033","","ipEmployees-read","Implementation Employee Read",""
"1034","","mail-body","Mail Body",""
"1035","","day-old","Day Old",""
"1036","","apply-filter","Apply Filter",""
"1037","","Input","Input",""
"1038","","reports","Reports",""
"1039","","ipEmployees-add","Implementation Employee Add",""
"1040","","sms-body","SMS Body",""
"1041","","secret-patient","Secret Patient",""
"1042","","reset","Reset",""
"1043","","log","Log",""
"1044","","file","File Upload Required?",""
"1045","","ipEmployees-edit","Implementation Employee Edit",""
"1046","","edit-emailTemplate","Edit Email Template",""
"1047","","info","Info",""
"1048","","old-description","Previous Description",""
"1049","","sms-log","Sms Log",""
"1050","","create-company","Create Company",""
"1051","","ipEmployees-delete","Implementation Employee Delete",""
"1052","","create-emailTemplate","Create Email Template",""
"1053","","relatives","Relatives",""
"1054","","add-journal","Add Journal",""
"1055","","bankID-log","BankID Log",""
"1056","","update-company","Update Company",""
"1057","","ipFollowUpsSelf-browse","Implements Followups Browse",""
"1058","","view-emailTemplate","View Email Template",""
"1059","","diseases","Diseases",""
"1060","","all-data","All Data",""
"1061","","subject-type","Subject Type",""
"1062","","company-details","Company Details",""
"1063","","ipFollowUpsSelf-read","Implements Followups Read",""
"1064","","mail-sms-for","Mail/SMS For",""
"1065","","work-study","Work/Study",""
"1066","","want-to-create-complete-deviation","Do you want to complete this deviation",""
"1067","","causer-type","Causer Type",""
"1068","","company-name","Company Name",""
"1069","","ipFollowUpsSelf-add","Implements Followups Add",""
"1070","","mail-for","Mail For",""
"1071","","decisions","Decisions",""
"1072","","want-to-create-sign-deviation","Do you want to sign this deviation",""
"1073","","subject-id","Subject Id",""
"1074","","establishment_date","Est. Year",""
"1075","","ipFollowUpsSelf-edit","Implements Followups Edit",""
"1076","","sms-for","SMS For",""
"1077","","patient-id","Patient Id",""
"1078","","add-deviation","Add Deviation",""
"1079","","Input Groups","Input Groups",""
"1080","","added-date","Added Date",""
"1081","","ipFollowUpsSelf-delete","Implements Followups Delete",""
"1082","","notify-body","Notify Body",""
"1083","","main-branch","Main Branch",""
"1084","","suggestion","Suggestion",""
"1085","","Number Input","Number Input",""
"1086","","discount_value_message","Discount value without % sign, 1 to 99.",""
"1087","","ipFollowUpsPatients-browse","Implements Followup Patients Browse",""
"1088","","custom-attributes","Custom Attributes",""
"1089","","ip-created","IP Created",""
"1090","","severity","Severity",""
"1091","","Textarea","Textarea",""
"1092","","discount_value_message_flat","Flat discount value",""
"1093","","ipFollowUpsPatients-read","Implements Followup Patients Read",""
"1094","","edit-smsTemplate","Edit SMS Template",""
"1095","","ip-not-created","IP Not Created",""
"1096","","further-investigation","Further Investigation",""
"1097","","Date & Time Picker","Date & Time Picker",""
"1098","","discount_value_feedback","Please add a valid discount value, discount value should be 1 to 99",""
"1099","","ipFollowUpsPatients-add","Implements Followup Patients Add",""
"1100","","create-smsTemplate","Create SMS Template",""
"1101","","incomplete-details","Incomplete Details",""
"1102","","schedule","Schedule",""
"1103","","Input Mask","Input Mask",""
"1104","","discount_value_feedback_flat","Please add a valid discount value, discount value should be lower than price",""
"1105","","ipFollowUpsPatients-edit","Implements Followup Patients Edit",""
"1106","","view-smsTemplate","View SMS Template",""
"1107","","patient-details","Patient Details",""
"1108","","add-contact-person","Add Contact Person",""
"1109","","Form Layout","Form Layout",""
"1110","","price_message","Price must be under {{length}} digit",""
"1111","","ipFollowUpsPatients-delete","Implements Followup Patients Delete",""
"1112","","is-guardian","Guardian",""
"1113","","updated-at","Updated At",""
"1114","","risk-description","Risk Description",""
"1115","","Form Wizard","Form Wizard",""
"1116","","price_feedback","Please enter a valid price, Price must be under {{length}} digit",""
"1117","","ipFollowUpsEmployees-browse","Implements Followup Employee Browse",""
"1118","","ip-modal","Implementation Plan",""
"1119","","overall-goal-detail","Overall Goal Details",""
"1120","","time-and-repetition","Time And Repetition",""
"1121","","React Hook Form","React Hook Form",""
"1122","","department","Department",""
"1123","","ipFollowUpsEmployees-read","Implements Followup Employee Read",""
"1124","","creating-plan-for","You are creating Implementation Plan for patient {{name}}",""
"1125","","approvals","Approvals",""
"1126","","word-listing","Word Listing",""
"1127","","Form Validation","Form Validation",""
"1128","","manage-permissions","Manage Permissions",""
"1129","","ipFollowUpsEmployees-add","Implements Followup Employee Add",""
"1130","","save-as-template","Save as template",""
"1131","","approved-by","Approved By",""
"1132","","read-more","Read More",""
"1133","","Pages","Pages",""
"1134","","total-permissions-assigned","This role has {{count}} permissions.",""
"1135","","ipFollowUpsEmployees-edit","Implements Followup Employee Edit",""
"1136","","ip-persons","Persons",""
"1137","","approved-date","Approved Date",""
"1138","","this-role-has","This role has",""
"1139","","edit-reason","Edit Reason",""
"1140","","total-packages-assigned","This package has {{count}} users.",""
"1141","","ipFollowUpsEmployees-delete","Implements Followup Employee Delete",""
"1142","","ip-persons-details","Enter Persons Details",""
"1143","","Implementations-details","Implementations Details",""
"1144","","new-password","New Password",""
"1145","","log-name","Log Name",""
"1146","","total-company-patients","This company has {{patients}} patients and {{employees}} employees.",""
"1147","","all-activity","All Activity",""
"1148","","select-patient","Select Patient",""
"1149","","establishment-year","Establishment Year",""
"1150","","submit","Submit",""
"1151","","activity-log","Activity Log",""
"1152","","role-name","Role Name",""
"1153","","se-name","Se Name",""
"1154","","enter-person-details","Enter Patient Details",""
"1155","","zip-code","Zip Code",""
"1156","","edit-profile","Edit Profile",""
"1157","","Authentication","Authentication",""
"1158","","add-role","Create Role",""
"1159","","group-name","Group Name",""
"1160","","enter-ip-details","Enter Ip Details",""
"1161","","branch-details","Branch Details",""
"1162","","get-otp","Get OTP",""
"1163","","Login v1","Login v1",""
"1164","","edit-role","Edit Role",""
"1165","","activity-link","Activity Link",""
"1166","","ip-detail","Ip Details",""
"1167","","contact-person","Contact Person",""
"1168","","enter-OTP","Enter OTP",""
"1169","","Login v2","Login v2",""
"1170","","reload-permissions","Reload Permission",""
"1171","","activity-details","Activity Details",""
"1172","","all-details-filled","All Details Filled",""
"1173","","plan","Plan",""
"1174","","mark-as-read-all","Mark {{count}} Notifications As Read",""
"1175","","Register v1","Register v1",""
"1176","","permission-required","Please select permissions, Can't create role without permissions",""
"1177","","add-activity","Add Activity",""
"1178","","partial-filled","Partial Filled",""
"1179","","deviation","Deviation",""
"1180","","reload","Reload",""
"1181","","Register v2","Register v2",""
"1182","","assign-permissions","Please assign permission to create the role, the users with this roles can access the related modules",""
"1183","","update-activity","Update Activity",""
"1184","","save-create-followup","Save & Create Followup",""
"1185","","journal","Journal",""
"1186","","import-language","Import Language",""
"1187","","Forgot Password v1","Forgot Password v1",""
"1188","","roles-description","A role provides access to predefined menus and features depending on the assigned role to an administrator that can have access to what he needs.",""
"1189","","full-address-details","Full Address Details",""
"1190","","upcoming-and-done","Upcoming And Done",""
"1191","","module-inactive","Module Inactive",""
"1192","","languages","Languages",""
"1193","","Forgot Password v2","Forgot Password v2",""
"1194","","user-management","User Management",""
"1195","","govt-id","Government Id",""
"1196","","pending-and-not-applicable","Pending",""
"1197","","ip-approved","Plan Approved",""
"1198","","language-name","Name",""
"1199","","Reset Password v1","Reset Password v1",""
"1200","","create-user","Create User",""
"1201","","patient-type","Patient Types",""
"1202","","select-category","Select Category",""
"1203","","ip-not-approved","Plan Not Approved Yet.",""
"1204","","language-short-name","Short Name",""
"1205","","Reset Password v2","Reset Password v2",""
"1206","","update-user","Update User",""
"1207","","patient_category","Patient Category",""
"1208","","select-category-details","Enter Category & Subcategory",""
"1209","","incomplete","Incomplete",""
"1210","","language-file","Language File",""
"1211","","Miscellaneous","Miscellaneous",""
"1212","","user-details","User Details",""
"1213","","new_employee_category","New Employee Category",""
"1214","","living-area","Livsområden",""
"1215","","complete","Complete",""
"1216","","docs","Docs",""
"1217","","Coming Soon","Coming Soon",""
"1218","","employees","Employees",""
"1219","","employee_category","Employee Category",""
"1220","","living-area-details","Enter Living Area (Livsområden) Details",""
"1221","","limitation","Limitation",""
"1222","","ip-menu","Plans",""
"1223","","Error","Error",""
"1224","","discount","Discount",""
"1225","","work-shift","Work Shift",""
"1226","","ip-present-participating","Present & Participant",""
"1227","","limitation-info","Limitation Info",""
"1228","","plans","Plans",""
"1229","","Not Authorized","Not Authorized",""
"1230","","flat-discount","Flat",""
"1231","","followup-filter","FollowUp Filter",""
"1232","","ip-present-participating-details","Who is Presented and Participating?",""
"1233","","goal-info","Goal Info",""
"1234","","task-menu","Task & Calender",""
"1235","","Maintenance","Maintenance",""
"1236","","discount-type","Discount Type",""
"1237","","activity-filter","Activity Filter",""
"1238","","ip-related-factors","Related Factors",""
"1239","","sub-goal-info","Sub Goal Info",""
"1240","","custom","Custom",""
"1241","","Extensions","Extensions",""
"1242","","percent-discount","Percentage",""
"1243","","dept-filter","Department Filter",""
"1244","","ip-related-factors-details","Enter Related Factors",""
"1245","","overall-goal-info","Overall Goal Info",""
"1246","","edit_package","Edit New Package",""
"1247","","profile","Profile",""
"1248","","price_after_discount","Price after discount",""
"1249","","branch-filter","Branch Filter",""
"1250","","ip-overall-goal","Overall Goal",""
"1251","","who-will-give-support","Who'll Give Support",""
"1252","","add_package","Add New Package",""
"1253","","Account Settings","Account Settings",""
"1254","","package-description","A Package provides access to Employees and Patients management for a Company with restricted environment.",""
"1255","","how-it-happened","How It Happened",""
"1256","","ip-overall-goal-details","Enter Customer's Goal",""
"1257","","how-will-support","How Support will be given",""
"1258","","flat_discount","Flat Discount",""
"1259","","FAQ","FAQ",""
"1260","","employee-desc","This employee has some limited access",""
"1261","","when-it-end","When It End",""
"1262","","you-can-select-or-add-patient","You can create new or select patient from dropdown",""
"1263","","working","Working",""
"1264","","add_price_first","Please add price first",""
"1265","","Knowledge Base","Knowledge Base",""
"1266","","patient-desc","Patient can share disease",""
"1267","","created-at","Created At",""
"1268","","save-create-task","Save & Create Task",""
"1269","","working-info","Working Information",""
"1270","","package_details","Package Details",""
"1271","","search","search",""
"1272","","branch-name","Branch Name",""
"1273","","is-family-member","Family Member",""
"1274","","save-create-activity","Save & Create Activity",""
"1275","","treatment-info","Treatment Information",""
"1276","","edit_package_details","Edit Package Details",""
"1277","","Invoice","Invoice",""
"1278","","sub-category","Sub Category",""
"1279","","is-caretaker","Caretaker",""
"1280","","save-and-create","Save And Create",""
"1281","","uploaded-files","Uploaded Files",""
"1282","","name_required","Please enter name",""
"1283","","Charts & Maps","Charts & Maps",""
"1284","","create-new-branch","Cerate New Branch",""
"1285","","is-contact-person","Contact Person",""
"1286","","select-category-and-subcategory","Select Category & Subcategory",""
"1287","","upload-your-files","Upload your files here.",""
"1288","","price_required","Please enter price",""
"1289","","Charts","Charts",""
"1290","","edit-branch","Update Branch",""
"1291","","name","Full Name",""
"1292","","select-category-and-subcategory-details","Please choose category and subcategory to start filling the details about the living plan",""
"1293","","please-be-careful","Please be careful",""
"1294","","type_of_discount_required","Type of discount required",""
"1295","","Apex","Apex",""
"1296","","branch","Branch",""
"1297","","contact-number","Phone",""
"1298","","ip-treatment-working","Working and Treatment",""
"1299","","this-activity-is-compulsory","This activity is compulsory",""
"1300","","discounted_price_required","Discounted price required",""
"1301","","ChartJS","ChartJS",""
"1302","","branch-desc","This branch is used to creating a user profile",""
"1303","","address","Address",""
"1304","","ip-treatment-working-details","Enter treatment and working details",""
"1305","","this-task-is-compulsory","This task is compulsory",""
"1306","","validity_in_days_required","Validity required",""
"1307","","Recharts","Recharts",""
"1308","","what-happened","What Happened",""
"1309","","subcategory","Subcategory",""
"1310","","select-template","Select Template",""
"1311","","view-ip","View IP Details",""
"1312","","number_of_patients_required","Number of patients required",""
"1313","","Leaflet Maps","Leaflet Maps",""
"1314","","how-happened","How Happened",""
"1315","","history","History",""
"1316","","add-patient","Add Patient",""
"1317","","view-comments","View Comments",""
"1318","","number_of_employees_required","Number of patients required",""
"1319","","Sweet Alert","Sweet Alert",""
"1320","","when-happened","When Happened",""
"1321","","assign-employee","Assign Employee",""
"1322","","save-patient","Save Patient",""
"1323","","add-tag","Add Tag",""
"1324","","flat_discount_required","Flat discount required",""
"1325","","Toastr","Toastr",""
"1326","","what-to-do","What To Do",""
"1327","","reason-for-editing","Edit Reason",""
"1328","","relative-caretaker","Relatives & Caretakers",""
"1329","","complete-activity","Complete Activity",""
"1330","","discounted_price_can_not_lesser","Price after discount can not be lesser than or equal to 0",""
"1331","","Sliders","Sliders",""
"1332","","goal","Goal",""
"1333","","click-for-sign","Click for sign",""
"1334","","relative-caretaker-details","Enter Persons Details",""
"1335","","select-witness","Select Witness",""
"1336","","package_saved_successfully","Package saved successfully",""
"1337","","File Uploader","File Uploader",""
"1338","","sub-goal","Sub Goal",""
"1339","","followup","Follow Up",""
"1340","","disability-details","Disability Details",""
"1341","","approve-ip","Approve IP",""
"1342","","package_edited_successfully","Package edited successfully",""
"1343","","Editor","Editor",""
"1344","","plan-start-date","Plan Start Date",""
"1345","","enter-details","Enter Details",""
"1346","","disability-details-details","Enter Disability Details",""
"1347","","no","No",""
"1348","","off","Off",""
"1349","","Drag & Drop","Drag & Drop",""
"1350","","plan-start-time","Plan Start Time",""
"1351","","persons","Persons",""
"1352","","studies-work","Studies & Work",""
"1353","","is-public","Is Public",""
"1354","","flat","Flat",""
"1355","","Tour","Tour",""
"1356","","remark","Remark",""
"1357","","add-persons","Add Persons (Optionals)",""
"1358","","studies-work-details","Enter Studies & Work Details",""
"1359","","trashed-activity","Trashed Activity",""
"1360","","bank_id","Bank ID",""
"1361","","Auto Complete","Auto Complete",""
"1362","","activity-message","Activity Message",""
"1363","","have-question","Add Questions",""
"1364","","other-activities","Other Activities",""
"1365","","all-trashed-activity","All Trashed Activity",""
"1366","","days_validity","Days Validity",""
"1367","","Clipboard","Clipboard",""
"1368","","company-dashboard","Company Dashboard",""
"1369","","questions","Questions",""
"1370","","other-activities-details","Enter Other Activities",""
"1371","","permanent-delete","Permanent Delete",""
"1372","","sms","SMS",""
"1373","","React Player","React Player",""
"1374","","admin-dashboard","Admin Dashboard",""
"1375","","preview-details","View Details",""
"1376","","decision","Decision",""
"1377","","restore-activity","Restore Activity",""
"1378","","disable","Disable",""
"1379","","Swiper","Swiper",""
"1380","","ip-details","Implementations Details",""
"1381","","review-submit-form","Review Details & Submit form",""
"1382","","decision-details","Enter About Decision",""
"1383","","file-title","File Title",""
"1384","","free","FREE",""
"1385","","Context Menu","Context Menu",""
"1386","","create-ip","Implementations Create",""
"1387","","select-ip","Select IP",""
"1388","","save-person","Save Person",""
"1389","","uploaded-by","Uploaded By",""
"1390","","this_package_has","This package has",""
"1391","","Tree","Tree",""
"1392","","update-ip","Implementations Update",""
"1393","","please-select-ip-plan","Please select IP Plan",""
"1394","","present-participated","Person Helped in creating IP?",""
"1395","","item-restore","Item Restored Successfully",""
"1396","","per","per",""
"1397","","I18n","I18n",""
"1398","","view-sub-categories","View Sub Categories",""
"1399","","please-select-branch","Please select Branch",""
"1400","","present-participated-details","Please Enter how Person is helped.",""
"1401","","restore","Restore",""
"1402","","React Paginate","React Paginate",""
"1403","","sub-categories","Sub Categories",""
"1404","","select-branch","Select Branch",""
"1405","","presented-only","Presented",""
"1406","","item-restore-failed","Item restore failed",""
"1407","","Export","Export",""
"1408","","manage-sub-categories","Manage Sub Categories",""
"1409","","employee-filter","Employee Filter",""
"1410","","participated","Participated",""
"1411","","restore-this-activity","Restore this Activity: {{name}}",""
"1412","","Import","Import",""
"1413","","postal-area","Postal Area",""
"1414","","patient-filter","Patient Filter",""
"1415","","how-participated","How Helped?",""
"1416","","restore-this","Restore this",""
"1417","","Export Selected","Export Selected",""
"1418","","start-date","Start Date",""
"1419","","start-date-time","Start Date & Time",""
"1420","","aids","Aids Information",""
"1421","","package","Package",""
"1422","","Access Control","Access Control",""
"1423","","end-date","End Date",""
"1424","","end-date-time","End Date & Time",""
"1425","","spacial-information","Special Information",""
"1426","","validity","Validity (in days)",""
"1427","","Others","Others",""
"1428","","start-time","Start time",""
"1429","","workshift-status","WorkShit Status",""
"1430","","company-phone","Company's Phone No.",""
"1431","","view-activity-comments","View Activity Comments",""
"1432","","Menu Levels","Menu Levels",""
"1433","","end-time","End Time",""
"1434","","followup-status","FollowUp Status",""
"1435","","company-address","Company's Address",""
"1436","","graphical-data","Graphical Representation",""
"1437","","Second Level","Second Level",""
"1438","","city","City",""
"1439","","workshift-filter","Work-Shift Filter",""
"1440","","institute-phone","Institute's Phone No.",""
"1441","","activity-count","Activity",""
"1442","","Second Level 2.1","Second Level 2.1",""
"1443","","weekly-hour-alloted-by-govt","Weekly Hour",""
"1444","","employee-status","Employee Status",""
"1445","","institute-address","Institute's Address",""
"1446","","ip-count","IP",""
"1447","","Second Level 2.2","Second Level 2.2",""
"1448","","is_family_required","Family Member",""
"1449","","patient-status","Patient Status",""
"1450","","institute-details","Institute Details",""
"1451","","task-count","Task",""
"1452","","Third Level 3.1","Third Level 3.1",""
"1453","","disease-description","Disease Description",""
"1454","","department-status","Department Status",""
"1455","","enter-institute-details","Enter Institute Details",""
"1456","","patient-detail","Patient Details",""
"1457","","Third Level 3.2","Third Level 3.2",""
"1458","","implementations","Implementations",""
"1459","","category-status","Category Status",""
"1460","","enter-company-details","Enter Company Details",""
"1461","","contact-person-name","Contact Person Name",""
"1462","","Disabled Menu","Disabled Menu",""
"1463","","when-it-started","When It Started",""
"1464","","subcategory-status","Sub-Category Status",""
"1465","","short-term-activity","Shot Term Activity",""
"1466","","establishment_year","Establishment Year",""
"1467","","Documentation","Documentation",""
"1468","","repetition-type","Repetition Type",""
"1469","","activity-status","Activity Status",""
"1470","","daily-activity","Daily Activity",""
"1471","","license-status","License Status",""
"1472","","Raise Support","Raise Support",""
"1473","","repetition-days","Repetition Days",""
"1474","","category-filter","Category Filter",""
"1475","","no-of-hours","Hours",""
"1476","","subscription","Subscription",""
"1477","","Change Log","Change Log",""
"1478","","shift-color","Shift Color",""
"1479","","subcategory-filter","SubCategory Filter",""
"1480","","issuer","Issuer",""
"1481","","package-name","Package Name",""
"1482","","text","Cake sesame snaps cupcake gingerbread danish I love gingerbread. Apple pie pie jujubes chupa chups muffin halvah lollipop. Chocolate cake oat cake tiramisu marzipan sugar plum. Donut sweet pi",""
"1483","","all-employees","All Employees",""
"1484","","permission-filter","Permission Filter",""
"1485","","period","Period",""
"1486","","activity-moved-to-not-applicable","Activity moved to not applicable.",""
"1487","","Pricing","Pricing",""
"1488","","all-patients","All Patients",""
"1489","","ip-filter","Implementations Filter",""
"1490","","is-other","Other",""
"1491","","activity-moved-to-done","Activity moved to done.",""
"1492","","Blog","Blog",""
"1493","","all-nurse","All Nurse",""
"1494","","ip-status","Implementations Status",""
"1495","","is_other_name","Name",""
"1496","","add-this-activity-to-trash","Add this activity to trash.",""
"1497","","Detail","Detail",""
"1498","","nurses","Nurses",""
"1499","","no-record","No Record found",""
"1500","","presented","Presented",""
"1501","","no-comments-yet","No Comments.",""
"1502","","Form Repeater","Form Repeater",""
"1503","","patients","Patients",""
"1504","","add-repetition","Add Repetition ?",""
"1505","","limitations","Limitations",""
"1506","","no-activities","No Activities",""
"1507","","preview","Preview",""
"1508","","followups","Follow Ups",""
"1509","","enable-repetition","Enable Repetition",""
"1510","","no-restriction","Ingen Begränsning",""
"1511","","upcoming-activity","Upcoming",""
"1512","","add","Add",""
"1513","","shifts","Company Work Shift",""
"1514","","add-repetition-details","You can add repetition by day, week, month, year.",""
"1515","","slight-restriction","Lätt Begräsning",""
"1516","","done-activity","Completed",""
"1517","","click-to-inactive","Click to inactive",""
"1518","","companies-browse","Companies Browse",""
"1519","","every","Every",""
"1520","","moderate-restriction","Måttlig Begränsning",""
"1521","","not-done-activity","Incomplete",""
"1522","","click-to-active","Click to active",""
"1523","","companies-read","Companies Read",""
"1524","","repetition-info","Enter from 1 - {{day}} along with repetition type.",""
"1525","","large-limitation","Stor Begräsning",""
"1526","","not-applicable-activity","Not Applicable",""
"1527","","strike","Strike",""
"1528","","companies-Add","Companies Add",""
"1529","","day","Day",""
"1530","","total-limitation","Total Begräsning",""
"1531","","journal-activity","Journal",""
"1532","","Ratings","Ratings",""
"1533","","companies-edit","Companies Edit",""
"1534","","week","Week",""
"1535","","non-specific","Ej specifik",""
"1536","","deviation-activity","Deviation",""
"1537","","show","show",""
"1538","","companies-delete","Companies Delete",""
"1539","","month","Month",""
"1540","","choose-goals","Choose Goal",""
"1541","","ips","Patient Plan",""
"1542","","entries","entries",""
"1543","","role-browse","Role Browse",""
"1544","","year","Year",""
"1545","","more-about-limitation","Write more details.",""
"1546","","organization-number","Organization Number",""
"1547","","prev","Prev",""
"1548","","role-read","Role Read",""
"1549","","1-99","1-99",""
"1550","","how-support-should-be-given","How the support should be given?",""
"1551","","devitation","Deviation",""
"1552","","signed-by","Signed by",""
"1553","","role-add","Role Add",""
"1554","","mon","M",""
"1555","","specify-when-the-support-is-to-be-given","Please Specify when the support is to be given to the patient",""
"1556","","dev-form","Deviation Details",""
"1557","","next","Next",""
"1558","","role-edit","Role Edit",""
"1559","","tus","T",""
"1560","","when-the-support-is-to-be-given","When the support is to be given?",""
"1561","","customer","Customer",""
"1562","","task-details","Task Details",""
"1563","","role-delete","Role Delete",""
"1564","","wed","W",""
"1565","","select-days","Select Days",""
"1566","","add-description","Add Description",""
"1567","","BlockUI","BlockUI",""
"1568","","dashboard-browse","Dashboard Browse",""
"1569","","thu","T",""
"1570","","how-many-times-a-day","How many times a day?",""
"1571","","add-description-details","Please add your description here.",""
"1572","","Reactstrap","Reactstrap",""
"1573","","notifications-browse","Notifications Browse",""
"1574","","fri","F",""
"1575","","when-during-the-day-the-support-is-to-be-given","When during the day the support is to be given?",""
"1576","","add-other-details","Add other details here.",""
"1577","","welcome","Welcome",""
"1578","","notifications-add","Notifications Add",""
"1579","","sat","S",""
"1580","","who-should-give-the-support","Who should give the support?",""
"1581","","branch-patient","Branch & Patient",""
"1582","","Reset Password","Reset Password",""
"1583","","notifications-edit","Notifications Edit",""
"1584","","sun","S",""
"1585","","caretaker","Caretaker",""
"1586","","related-factor","Related Factor",""
"1587","","Verify Email","Verify Email",""
"1588","","notifications-delete","Notifications Delete",""
"1589","","last_day","Last day of month",""
"1590","","staff","Staff",""
"1591","","deviation-details","Deviation Detail",""
"1592","","Deactivate Account","Deactivate Account",""
"1593","","requests-browse","Requests Browse",""
"1594","","select-day","Select Day",""
"1595","","sub-goals","Sub Goals",""
"1596","","investigation","Investigation",""
"1597","","Promotional","Promotional",""
"1598","","requests-add","Requests Add",""
"1599","","please-select-some-question","Please select at least one question to continue.",""
"1600","","maintain-ability","Maintain Ability",""
"1601","","add-investigation-details","Add Investigation Details.",""
"1602","","Apps & Pages","Apps & Pages",""
"1603","","requests-read","Requests Read",""
"1604","","done-by","Done By",""
"1605","","improve-ability","Improve Ability",""
"1606","","edited_date","Edited Date",""
"1607","","User Interface","User Interface",""
"1608","","requests-edit","Requests Edit",""
"1609","","notify-to-users","Notify To Users",""
"1610","","develop-ability","Develop Ability",""
"1611","","receipt-no","Receipt No",""
"1612","","Misc","Misc",""
"1613","","requests-delete","Requests Delete",""
"1614","","not-done-reason","Not Done Reason",""
"1615","","improve-participation","Improve Participation",""
"1616","","patient-cashier","Patient Cashier",""
"1617","","License","License",""
"1618","","users-browse","Users Browse",""
"1619","","not-applicable-reason","Not Applicable Reason",""
"1620","","manage-independently","Manage Independently",""
"1621","","amount","Amount",""
"1622","","API Key","API Key",""
"1623","","users-read","Users Read",""
"1624","","remind-before-start","Remind Before Start",""
"1625","","more-about-sub-goal","Write more details.",""
"1626","","in","In",""
"1627","","Accordion","Accordion",""
"1628","","users-add","Users Add",""
"1629","","remind-after-end","Remind After End",""
"1630","","comments","Comments",""
"1631","","out","Out",""
"1632","","OffCanvas","OffCanvas",""
"1633","","users-edit","Users Edit",""
"1634","","add-students-details","Add Student Details",""
"1635","","address-url","Address Link",""
"1636","","add-patient-cashier","Add Patient Cashier",""
"1637","","permissions","Permissions",""
"1638","","users-delete","Users Delete",""
"1639","","add-working-details","Add Working Details",""
"1640","","video-url","Video Link",""
"1641","","is-signed","Is Signed",""
"1642","","Modal Examples","Modal Examples",""
"1643","","activitiesCls-browse","ActivitiesCls Browse",""
"1644","","selected-agencies-hours","Selected Agencies Hours",""
"1645","","info-url","Information Link",""
"1646","","is-completed","Is Completed",""
"1647","","Roles & Permissions","Roles & Permissions",""
"1648","","activitiesCls-read","ActivitiesCls Read",""
"1649","","institute-name","Institute Name",""
"1650","","body-functions","Body Functions",""
"1651","","deviation-filter","Deviation Filter",""
"1652","","dashboard","Dashboard",""
"1653","","activitiesCls-add","ActivitiesCls Add",""
"1654","","time-from","Time From",""
"1655","","personal-factors","Personal Factors",""
"1656","","is-secret","Is Secret",""
"1657","","loading-error","Unable to load the resource, please try again.",""
"1658","","activitiesCls-edit","ActivitiesCls Edit",""
"1659","","time-to","Time To",""
"1660","","health-conditions","Health Conditions",""
"1661","","date","Date",""
"1662","","login-failed","Login Failed, try again",""
"1663","","activitiesCls-delete","ActivitiesCls Delete",""
"1664","","working-from","Working From",""
"1665","","other-factors","Other Factors",""
"1666","","assigned-to","Assigned To",""
